-- phpMyAdmin SQL Dump
-- version 4.2.7.1
-- http://www.phpmyadmin.net
--
-- Host: 127.0.0.1
-- Erstellungszeit: 07. Mai 2015 um 10:52
-- Server Version: 5.6.20
-- PHP-Version: 5.5.15

SET SQL_MODE = "NO_AUTO_VALUE_ON_ZERO";
SET time_zone = "+00:00";


/*!40101 SET @OLD_CHARACTER_SET_CLIENT=@@CHARACTER_SET_CLIENT */;
/*!40101 SET @OLD_CHARACTER_SET_RESULTS=@@CHARACTER_SET_RESULTS */;
/*!40101 SET @OLD_COLLATION_CONNECTION=@@COLLATION_CONNECTION */;
/*!40101 SET NAMES utf8 */;

--
-- Datenbank: `fortisstest`
--

-- --------------------------------------------------------

--
-- Tabellenstruktur für Tabelle `dailyforecastconsumption1`
--

CREATE TABLE IF NOT EXISTS `dailyforecastconsumption1` (
  `timestamp` timestamp NULL DEFAULT NULL,
  `value` double NOT NULL,
  `unit` varchar(256) NOT NULL,
  `maxAbsError` double NOT NULL
) ENGINE=InnoDB DEFAULT CHARSET=latin1;

--
-- Daten für Tabelle `dailyforecastconsumption1`
--

INSERT INTO `dailyforecastconsumption1` (`timestamp`, `value`, `unit`, `maxAbsError`) VALUES
('2015-03-03 23:00:00', 4233.26, 'W', 0),
('2015-03-03 23:30:00', 4929.04, 'W', 0),
('2015-03-04 00:00:00', 4862.31, 'W', 0),
('2015-03-04 00:30:00', 4403.49, 'W', 0),
('2015-03-04 01:00:00', 4303.5, 'W', 0),
('2015-03-04 01:30:00', 4249.2, 'W', 0),
('2015-03-04 02:00:00', 4248.82, 'W', 0),
('2015-03-04 02:30:00', 4661.27, 'W', 0),
('2015-03-04 03:00:00', 4930.09, 'W', 0),
('2015-03-04 03:30:00', 5308.57, 'W', 0),
('2015-03-04 04:00:00', 5254.31, 'W', 0),
('2015-03-04 04:30:00', 4747.11, 'W', 0),
('2015-03-04 05:00:00', 6171.14, 'W', 0),
('2015-03-04 05:30:00', 4933.44, 'W', 0),
('2015-03-04 06:00:00', 3659.64, 'W', 0),
('2015-03-04 06:30:00', 5406.13, 'W', 0),
('2015-03-04 07:00:00', 6494.38, 'W', 0),
('2015-03-04 07:30:00', 7163.81, 'W', 0),
('2015-03-04 08:00:00', 8822.68, 'W', 0),
('2015-03-04 08:30:00', 11954.01, 'W', 0),
('2015-03-04 09:00:00', 11043.07, 'W', 0),
('2015-03-04 09:30:00', 13978.93, 'W', 0),
('2015-03-04 10:00:00', 13579.74, 'W', 0),
('2015-03-04 10:30:00', 9522.38, 'W', 0),
('2015-03-04 11:00:00', 12490.54, 'W', 0),
('2015-03-04 11:30:00', 9642.23, 'W', 0),
('2015-03-04 12:00:00', 10309.61, 'W', 0),
('2015-03-04 12:30:00', 11208.5, 'W', 0),
('2015-03-04 13:00:00', 11990.7, 'W', 0),
('2015-03-04 13:30:00', 10791.42, 'W', 0),
('2015-03-04 14:00:00', 13876.7, 'W', 0),
('2015-03-04 14:30:00', 12051.29, 'W', 0),
('2015-03-04 15:00:00', 11750.21, 'W', 0),
('2015-03-04 15:30:00', 11385.45, 'W', 0),
('2015-03-04 16:00:00', 10626.93, 'W', 0),
('2015-03-04 16:30:00', 10889.43, 'W', 0),
('2015-03-04 17:00:00', 7376.94, 'W', 0),
('2015-03-04 17:30:00', 5037.46, 'W', 0),
('2015-03-04 18:00:00', 6107.7, 'W', 0),
('2015-03-04 18:30:00', 4609.4, 'W', 0),
('2015-03-04 19:00:00', 7666.23, 'W', 0),
('2015-03-04 19:30:00', 3816.28, 'W', 0),
('2015-03-04 20:00:00', 4853.14, 'W', 0),
('2015-03-04 20:30:00', 4487.61, 'W', 0),
('2015-03-04 21:00:00', 4918.11, 'W', 0),
('2015-03-04 21:30:00', 2775.01, 'W', 0),
('2015-03-04 22:00:00', 2581.02, 'W', 0),
('2015-03-04 22:30:00', 3480.18, 'W', 0);

-- --------------------------------------------------------

--
-- Tabellenstruktur für Tabelle `dailyforecastconsumption2`
--

CREATE TABLE IF NOT EXISTS `dailyforecastconsumption2` (
  `timestamp` timestamp NULL DEFAULT NULL,
  `value` double NOT NULL,
  `unit` varchar(256) NOT NULL,
  `maxAbsError` double NOT NULL
) ENGINE=InnoDB DEFAULT CHARSET=latin1;

--
-- Daten für Tabelle `dailyforecastconsumption2`
--

INSERT INTO `dailyforecastconsumption2` (`timestamp`, `value`, `unit`, `maxAbsError`) VALUES
('2015-03-03 23:00:00', 0, 'W', 0),
('2015-03-03 23:30:00', 0, 'W', 0),
('2015-03-04 00:00:00', 0, 'W', 0),
('2015-03-04 00:30:00', 0, 'W', 0),
('2015-03-04 01:00:00', 0, 'W', 0),
('2015-03-04 01:30:00', 0, 'W', 0),
('2015-03-04 02:00:00', 0, 'W', 0),
('2015-03-04 02:30:00', 0, 'W', 0),
('2015-03-04 03:00:00', 0, 'W', 0),
('2015-03-04 03:30:00', 0, 'W', 0),
('2015-03-04 04:00:00', 0, 'W', 0),
('2015-03-04 04:30:00', 0, 'W', 0),
('2015-03-04 05:00:00', 0, 'W', 0),
('2015-03-04 05:30:00', 0, 'W', 0),
('2015-03-04 06:00:00', 0, 'W', 0),
('2015-03-04 06:30:00', 0, 'W', 0),
('2015-03-04 07:00:00', 380, 'W', 0),
('2015-03-04 07:30:00', 1300, 'W', 0),
('2015-03-04 08:00:00', 2620, 'W', 0),
('2015-03-04 08:30:00', 2280, 'W', 0),
('2015-03-04 09:00:00', 2820, 'W', 0),
('2015-03-04 09:30:00', 8110, 'W', 0),
('2015-03-04 10:00:00', 6820, 'W', 0),
('2015-03-04 10:30:00', 11130, 'W', 0),
('2015-03-04 11:00:00', 13700, 'W', 0),
('2015-03-04 11:30:00', 19390, 'W', 0),
('2015-03-04 12:00:00', 14890, 'W', 0),
('2015-03-04 12:30:00', 30000, 'W', 0),
('2015-03-04 13:00:00', 13530, 'W', 0),
('2015-03-04 13:30:00', 37350, 'W', 0),
('2015-03-04 14:00:00', 18410, 'W', 0),
('2015-03-04 14:30:00', 32840, 'W', 0),
('2015-03-04 15:00:00', 19190, 'W', 0),
('2015-03-04 15:30:00', 14320, 'W', 0),
('2015-03-04 16:00:00', 11400, 'W', 0),
('2015-03-04 16:30:00', 8380, 'W', 0),
('2015-03-04 17:00:00', 5780, 'W', 0),
('2015-03-04 17:30:00', 4240, 'W', 0),
('2015-03-04 18:00:00', 1730, 'W', 0),
('2015-03-04 18:30:00', 0, 'W', 0),
('2015-03-04 19:00:00', 0, 'W', 0),
('2015-03-04 19:30:00', 0, 'W', 0),
('2015-03-04 20:00:00', 0, 'W', 0),
('2015-03-04 20:30:00', 0, 'W', 0),
('2015-03-04 21:00:00', 0, 'W', 0),
('2015-03-04 21:30:00', 0, 'W', 0),
('2015-03-04 22:00:00', 0, 'W', 0),
('2015-03-04 22:30:00', 0, 'W', 0);

-- --------------------------------------------------------

--
-- Tabellenstruktur für Tabelle `dailyforecastconsumption3`
--

CREATE TABLE IF NOT EXISTS `dailyforecastconsumption3` (
  `timestamp` timestamp NULL DEFAULT NULL,
  `value` double NOT NULL,
  `unit` varchar(256) NOT NULL,
  `maxAbsError` double NOT NULL
) ENGINE=InnoDB DEFAULT CHARSET=latin1;

--
-- Daten für Tabelle `dailyforecastconsumption3`
--

INSERT INTO `dailyforecastconsumption3` (`timestamp`, `value`, `unit`, `maxAbsError`) VALUES
('2015-03-03 23:00:00', 3480.18, 'W', 0),
('2015-03-03 23:30:00', 2581.02, 'W', 0),
('2015-03-04 00:00:00', 2775.01, 'W', 0),
('2015-03-04 00:30:00', 4918.11, 'W', 0),
('2015-03-04 01:00:00', 4487.61, 'W', 0),
('2015-03-04 01:30:00', 4853.14, 'W', 0),
('2015-03-04 02:00:00', 3816.28, 'W', 0),
('2015-03-04 02:30:00', 7666.23, 'W', 0),
('2015-03-04 03:00:00', 4609.4, 'W', 0),
('2015-03-04 03:30:00', 6107.7, 'W', 0),
('2015-03-04 04:00:00', 5037.46, 'W', 0),
('2015-03-04 04:30:00', 7376.94, 'W', 0),
('2015-03-04 05:00:00', 10889.43, 'W', 0),
('2015-03-04 05:30:00', 10626.93, 'W', 0),
('2015-03-04 06:00:00', 11385.45, 'W', 0),
('2015-03-04 06:30:00', 11750.21, 'W', 0),
('2015-03-04 07:00:00', 12051.29, 'W', 0),
('2015-03-04 07:30:00', 13876.7, 'W', 0),
('2015-03-04 08:00:00', 10791.42, 'W', 0),
('2015-03-04 08:30:00', 11990.7, 'W', 0),
('2015-03-04 09:00:00', 11208.5, 'W', 0),
('2015-03-04 09:30:00', 10309.61, 'W', 0),
('2015-03-04 10:00:00', 9642.23, 'W', 0),
('2015-03-04 10:30:00', 12490.54, 'W', 0),
('2015-03-04 11:00:00', 9522.38, 'W', 0),
('2015-03-04 11:30:00', 13579.74, 'W', 0),
('2015-03-04 12:00:00', 13978.93, 'W', 0),
('2015-03-04 12:30:00', 11043.07, 'W', 0),
('2015-03-04 13:00:00', 11954.01, 'W', 0),
('2015-03-04 13:30:00', 8822.68, 'W', 0),
('2015-03-04 14:00:00', 7163.81, 'W', 0),
('2015-03-04 14:30:00', 6494.38, 'W', 0),
('2015-03-04 15:00:00', 5406.13, 'W', 0),
('2015-03-04 15:30:00', 3659.64, 'W', 0),
('2015-03-04 16:00:00', 4933.44, 'W', 0),
('2015-03-04 16:30:00', 6171.14, 'W', 0),
('2015-03-04 17:00:00', 4747.11, 'W', 0),
('2015-03-04 17:30:00', 5254.31, 'W', 0),
('2015-03-04 18:00:00', 5308.57, 'W', 0),
('2015-03-04 18:30:00', 4930.09, 'W', 0),
('2015-03-04 19:00:00', 4661.27, 'W', 0),
('2015-03-04 19:30:00', 4248.82, 'W', 0),
('2015-03-04 20:00:00', 4249.2, 'W', 0),
('2015-03-04 20:30:00', 4303.5, 'W', 0),
('2015-03-04 21:00:00', 4403.49, 'W', 0),
('2015-03-04 21:30:00', 4862.31, 'W', 0),
('2015-03-04 22:00:00', 4929.04, 'W', 0),
('2015-03-04 22:30:00', 4233.26, 'W', 0);

-- --------------------------------------------------------

--
-- Tabellenstruktur für Tabelle `dailyforecastconsumption4`
--

CREATE TABLE IF NOT EXISTS `dailyforecastconsumption4` (
  `timestamp` timestamp NULL DEFAULT NULL,
  `value` double NOT NULL,
  `unit` varchar(256) NOT NULL,
  `maxAbsError` double NOT NULL
) ENGINE=InnoDB DEFAULT CHARSET=latin1;

--
-- Daten für Tabelle `dailyforecastconsumption4`
--

INSERT INTO `dailyforecastconsumption4` (`timestamp`, `value`, `unit`, `maxAbsError`) VALUES
('2015-03-03 23:00:00', 0, 'W', 0),
('2015-03-03 23:30:00', 0, 'W', 0),
('2015-03-04 00:00:00', 0, 'W', 0),
('2015-03-04 00:30:00', 0, 'W', 0),
('2015-03-04 01:00:00', 0, 'W', 0),
('2015-03-04 01:30:00', 0, 'W', 0),
('2015-03-04 02:00:00', 0, 'W', 0),
('2015-03-04 02:30:00', 0, 'W', 0),
('2015-03-04 03:00:00', 0, 'W', 0),
('2015-03-04 03:30:00', 1730, 'W', 0),
('2015-03-04 04:00:00', 4240, 'W', 0),
('2015-03-04 04:30:00', 5780, 'W', 0),
('2015-03-04 05:00:00', 8380, 'W', 0),
('2015-03-04 05:30:00', 11400, 'W', 0),
('2015-03-04 06:00:00', 14320, 'W', 0),
('2015-03-04 06:30:00', 19190, 'W', 0),
('2015-03-04 07:00:00', 32840, 'W', 0),
('2015-03-04 07:30:00', 18410, 'W', 0),
('2015-03-04 08:00:00', 37350, 'W', 0),
('2015-03-04 08:30:00', 13530, 'W', 0),
('2015-03-04 09:00:00', 30000, 'W', 0),
('2015-03-04 09:30:00', 14890, 'W', 0),
('2015-03-04 10:00:00', 19390, 'W', 0),
('2015-03-04 10:30:00', 13700, 'W', 0),
('2015-03-04 11:00:00', 11130, 'W', 0),
('2015-03-04 11:30:00', 6820, 'W', 0),
('2015-03-04 12:00:00', 8110, 'W', 0),
('2015-03-04 12:30:00', 2820, 'W', 0),
('2015-03-04 13:00:00', 2280, 'W', 0),
('2015-03-04 13:30:00', 2620, 'W', 0),
('2015-03-04 14:00:00', 1300, 'W', 0),
('2015-03-04 14:30:00', 380, 'W', 0),
('2015-03-04 15:00:00', 0, 'W', 0),
('2015-03-04 15:30:00', 0, 'W', 0),
('2015-03-04 16:00:00', 0, 'W', 0),
('2015-03-04 16:30:00', 0, 'W', 0),
('2015-03-04 17:00:00', 0, 'W', 0),
('2015-03-04 17:30:00', 0, 'W', 0),
('2015-03-04 18:00:00', 0, 'W', 0),
('2015-03-04 18:30:00', 0, 'W', 0),
('2015-03-04 19:00:00', 0, 'W', 0),
('2015-03-04 19:30:00', 0, 'W', 0),
('2015-03-04 20:00:00', 0, 'W', 0),
('2015-03-04 20:30:00', 0, 'W', 0),
('2015-03-04 21:00:00', 0, 'W', 0),
('2015-03-04 21:30:00', 0, 'W', 0),
('2015-03-04 22:00:00', 0, 'W', 0),
('2015-03-04 22:30:00', 0, 'W', 0);

-- --------------------------------------------------------

--
-- Tabellenstruktur für Tabelle `dailyforecastconsumption5`
--

CREATE TABLE IF NOT EXISTS `dailyforecastconsumption5` (
  `timestamp` timestamp NULL DEFAULT NULL,
  `value` double NOT NULL,
  `unit` varchar(256) NOT NULL,
  `maxAbsError` double NOT NULL
) ENGINE=InnoDB DEFAULT CHARSET=latin1;

--
-- Daten für Tabelle `dailyforecastconsumption5`
--

INSERT INTO `dailyforecastconsumption5` (`timestamp`, `value`, `unit`, `maxAbsError`) VALUES
('2015-03-03 23:00:00', 6349.89, 'W', 0),
('2015-03-03 23:30:00', 7393.5599999999995, 'W', 0),
('2015-03-04 00:00:00', 7293.465, 'W', 0),
('2015-03-04 00:30:00', 6605.235, 'W', 0),
('2015-03-04 01:00:00', 6455.25, 'W', 0),
('2015-03-04 01:30:00', 6373.799999999999, 'W', 0),
('2015-03-04 02:00:00', 6373.23, 'W', 0),
('2015-03-04 02:30:00', 6991.905000000001, 'W', 0),
('2015-03-04 03:00:00', 7395.135, 'W', 0),
('2015-03-04 03:30:00', 7962.855, 'W', 0),
('2015-03-04 04:00:00', 7881.465, 'W', 0),
('2015-03-04 04:30:00', 7120.664999999999, 'W', 0),
('2015-03-04 05:00:00', 9256.710000000001, 'W', 0),
('2015-03-04 05:30:00', 7400.16, 'W', 0),
('2015-03-04 06:00:00', 5489.46, 'W', 0),
('2015-03-04 06:30:00', 8109.195, 'W', 0),
('2015-03-04 07:00:00', 9741.57, 'W', 0),
('2015-03-04 07:30:00', 10745.715, 'W', 0),
('2015-03-04 08:00:00', 13234.02, 'W', 0),
('2015-03-04 08:30:00', 17931.015, 'W', 0),
('2015-03-04 09:00:00', 16564.605, 'W', 0),
('2015-03-04 09:30:00', 20968.395, 'W', 0),
('2015-03-04 10:00:00', 20369.61, 'W', 0),
('2015-03-04 10:30:00', 14283.57, 'W', 0),
('2015-03-04 11:00:00', 18735.81, 'W', 0),
('2015-03-04 11:30:00', 14463.345, 'W', 0),
('2015-03-04 12:00:00', 15464.415, 'W', 0),
('2015-03-04 12:30:00', 16812.75, 'W', 0),
('2015-03-04 13:00:00', 17986.050000000003, 'W', 0),
('2015-03-04 13:30:00', 16187.130000000001, 'W', 0),
('2015-03-04 14:00:00', 20815.050000000003, 'W', 0),
('2015-03-04 14:30:00', 18076.935, 'W', 0),
('2015-03-04 15:00:00', 17625.315, 'W', 0),
('2015-03-04 15:30:00', 17078.175000000003, 'W', 0),
('2015-03-04 16:00:00', 15940.395, 'W', 0),
('2015-03-04 16:30:00', 16334.145, 'W', 0),
('2015-03-04 17:00:00', 11065.41, 'W', 0),
('2015-03-04 17:30:00', 7556.1900000000005, 'W', 0),
('2015-03-04 18:00:00', 9161.55, 'W', 0),
('2015-03-04 18:30:00', 6914.099999999999, 'W', 0),
('2015-03-04 19:00:00', 11499.345, 'W', 0),
('2015-03-04 19:30:00', 5724.42, 'W', 0),
('2015-03-04 20:00:00', 7279.710000000001, 'W', 0),
('2015-03-04 20:30:00', 6731.414999999999, 'W', 0),
('2015-03-04 21:00:00', 7377.164999999999, 'W', 0),
('2015-03-04 21:30:00', 4162.515, 'W', 0),
('2015-03-04 22:00:00', 3871.5299999999997, 'W', 0),
('2015-03-04 22:30:00', 5220.2699999999995, 'W', 0);

-- --------------------------------------------------------

--
-- Tabellenstruktur für Tabelle `dailyforecastgeneration1`
--

CREATE TABLE IF NOT EXISTS `dailyforecastgeneration1` (
  `timestamp` timestamp NULL DEFAULT NULL,
  `value` double NOT NULL,
  `unit` varchar(256) NOT NULL,
  `maxAbsError` double NOT NULL
) ENGINE=InnoDB DEFAULT CHARSET=latin1;

--
-- Daten für Tabelle `dailyforecastgeneration1`
--

INSERT INTO `dailyforecastgeneration1` (`timestamp`, `value`, `unit`, `maxAbsError`) VALUES
('2015-03-03 23:00:00', 0, 'W', 0),
('2015-03-03 23:30:00', 0, 'W', 0),
('2015-03-04 00:00:00', 0, 'W', 0),
('2015-03-04 00:30:00', 0, 'W', 0),
('2015-03-04 01:00:00', 0, 'W', 0),
('2015-03-04 01:30:00', 0, 'W', 0),
('2015-03-04 02:00:00', 0, 'W', 0),
('2015-03-04 02:30:00', 0, 'W', 0),
('2015-03-04 03:00:00', 0, 'W', 0),
('2015-03-04 03:30:00', 0, 'W', 0),
('2015-03-04 04:00:00', 0, 'W', 0),
('2015-03-04 04:30:00', 0, 'W', 0),
('2015-03-04 05:00:00', 0, 'W', 0),
('2015-03-04 05:30:00', 0, 'W', 0),
('2015-03-04 06:00:00', 0, 'W', 0),
('2015-03-04 06:30:00', 0, 'W', 0),
('2015-03-04 07:00:00', 380, 'W', 0),
('2015-03-04 07:30:00', 1300, 'W', 0),
('2015-03-04 08:00:00', 2620, 'W', 0),
('2015-03-04 08:30:00', 2280, 'W', 0),
('2015-03-04 09:00:00', 2820, 'W', 0),
('2015-03-04 09:30:00', 8110, 'W', 0),
('2015-03-04 10:00:00', 6820, 'W', 0),
('2015-03-04 10:30:00', 11130, 'W', 0),
('2015-03-04 11:00:00', 13700, 'W', 0),
('2015-03-04 11:30:00', 19390, 'W', 0),
('2015-03-04 12:00:00', 14890, 'W', 0),
('2015-03-04 12:30:00', 30000, 'W', 0),
('2015-03-04 13:00:00', 13530, 'W', 0),
('2015-03-04 13:30:00', 37350, 'W', 0),
('2015-03-04 14:00:00', 18410, 'W', 0),
('2015-03-04 14:30:00', 32840, 'W', 0),
('2015-03-04 15:00:00', 19190, 'W', 0),
('2015-03-04 15:30:00', 14320, 'W', 0),
('2015-03-04 16:00:00', 11400, 'W', 0),
('2015-03-04 16:30:00', 8380, 'W', 0),
('2015-03-04 17:00:00', 5780, 'W', 0),
('2015-03-04 17:30:00', 4240, 'W', 0),
('2015-03-04 18:00:00', 1730, 'W', 0),
('2015-03-04 18:30:00', 0, 'W', 0),
('2015-03-04 19:00:00', 0, 'W', 0),
('2015-03-04 19:30:00', 0, 'W', 0),
('2015-03-04 20:00:00', 0, 'W', 0),
('2015-03-04 20:30:00', 0, 'W', 0),
('2015-03-04 21:00:00', 0, 'W', 0),
('2015-03-04 21:30:00', 0, 'W', 0),
('2015-03-04 22:00:00', 0, 'W', 0),
('2015-03-04 22:30:00', 0, 'W', 0);

-- --------------------------------------------------------

--
-- Tabellenstruktur für Tabelle `dailyforecastgeneration2`
--

CREATE TABLE IF NOT EXISTS `dailyforecastgeneration2` (
  `timestamp` timestamp NULL DEFAULT NULL,
  `value` double NOT NULL,
  `unit` varchar(256) NOT NULL,
  `maxAbsError` double NOT NULL
) ENGINE=InnoDB DEFAULT CHARSET=latin1;

--
-- Daten für Tabelle `dailyforecastgeneration2`
--

INSERT INTO `dailyforecastgeneration2` (`timestamp`, `value`, `unit`, `maxAbsError`) VALUES
('2015-03-03 23:00:00', 423.326, 'W', 0),
('2015-03-03 23:30:00', 492.904, 'W', 0),
('2015-03-04 00:00:00', 486.23100000000005, 'W', 0),
('2015-03-04 00:30:00', 440.349, 'W', 0),
('2015-03-04 01:00:00', 430.35, 'W', 0),
('2015-03-04 01:30:00', 424.91999999999996, 'W', 0),
('2015-03-04 02:00:00', 424.88199999999995, 'W', 0),
('2015-03-04 02:30:00', 466.12700000000007, 'W', 0),
('2015-03-04 03:00:00', 493.009, 'W', 0),
('2015-03-04 03:30:00', 530.857, 'W', 0),
('2015-03-04 04:00:00', 525.431, 'W', 0),
('2015-03-04 04:30:00', 474.71099999999996, 'W', 0),
('2015-03-04 05:00:00', 617.114, 'W', 0),
('2015-03-04 05:30:00', 493.34399999999994, 'W', 0),
('2015-03-04 06:00:00', 365.964, 'W', 0),
('2015-03-04 06:30:00', 540.613, 'W', 0),
('2015-03-04 07:00:00', 649.438, 'W', 0),
('2015-03-04 07:30:00', 716.3810000000001, 'W', 0),
('2015-03-04 08:00:00', 882.268, 'W', 0),
('2015-03-04 08:30:00', 1195.401, 'W', 0),
('2015-03-04 09:00:00', 1104.307, 'W', 0),
('2015-03-04 09:30:00', 1397.893, 'W', 0),
('2015-03-04 10:00:00', 1357.974, 'W', 0),
('2015-03-04 10:30:00', 952.2379999999999, 'W', 0),
('2015-03-04 11:00:00', 1249.054, 'W', 0),
('2015-03-04 11:30:00', 964.223, 'W', 0),
('2015-03-04 12:00:00', 1030.961, 'W', 0),
('2015-03-04 12:30:00', 1120.85, 'W', 0),
('2015-03-04 13:00:00', 1199.0700000000002, 'W', 0),
('2015-03-04 13:30:00', 1079.142, 'W', 0),
('2015-03-04 14:00:00', 1387.67, 'W', 0),
('2015-03-04 14:30:00', 1205.1290000000001, 'W', 0),
('2015-03-04 15:00:00', 1175.021, 'W', 0),
('2015-03-04 15:30:00', 1138.545, 'W', 0),
('2015-03-04 16:00:00', 1062.693, 'W', 0),
('2015-03-04 16:30:00', 1088.943, 'W', 0),
('2015-03-04 17:00:00', 737.694, 'W', 0),
('2015-03-04 17:30:00', 503.746, 'W', 0),
('2015-03-04 18:00:00', 610.77, 'W', 0),
('2015-03-04 18:30:00', 460.93999999999994, 'W', 0),
('2015-03-04 19:00:00', 766.6229999999999, 'W', 0),
('2015-03-04 19:30:00', 381.62800000000004, 'W', 0),
('2015-03-04 20:00:00', 485.314, 'W', 0),
('2015-03-04 20:30:00', 448.76099999999997, 'W', 0),
('2015-03-04 21:00:00', 491.811, 'W', 0),
('2015-03-04 21:30:00', 277.50100000000003, 'W', 0),
('2015-03-04 22:00:00', 258.102, 'W', 0),
('2015-03-04 22:30:00', 348.018, 'W', 0);

-- --------------------------------------------------------

--
-- Tabellenstruktur für Tabelle `dailyforecastgeneration3`
--

CREATE TABLE IF NOT EXISTS `dailyforecastgeneration3` (
  `timestamp` timestamp NULL DEFAULT NULL,
  `value` double NOT NULL,
  `unit` varchar(256) NOT NULL,
  `maxAbsError` double NOT NULL
) ENGINE=InnoDB DEFAULT CHARSET=latin1;

--
-- Daten für Tabelle `dailyforecastgeneration3`
--

INSERT INTO `dailyforecastgeneration3` (`timestamp`, `value`, `unit`, `maxAbsError`) VALUES
('2015-03-03 23:00:00', 0, 'W', 0),
('2015-03-03 23:30:00', 0, 'W', 0),
('2015-03-04 00:00:00', 0, 'W', 0),
('2015-03-04 00:30:00', 0, 'W', 0),
('2015-03-04 01:00:00', 0, 'W', 0),
('2015-03-04 01:30:00', 0, 'W', 0),
('2015-03-04 02:00:00', 0, 'W', 0),
('2015-03-04 02:30:00', 0, 'W', 0),
('2015-03-04 03:00:00', 0, 'W', 0),
('2015-03-04 03:30:00', 173, 'W', 0),
('2015-03-04 04:00:00', 424, 'W', 0),
('2015-03-04 04:30:00', 578, 'W', 0),
('2015-03-04 05:00:00', 838, 'W', 0),
('2015-03-04 05:30:00', 1140, 'W', 0),
('2015-03-04 06:00:00', 1432, 'W', 0),
('2015-03-04 06:30:00', 1919, 'W', 0),
('2015-03-04 07:00:00', 3284, 'W', 0),
('2015-03-04 07:30:00', 1841, 'W', 0),
('2015-03-04 08:00:00', 3735, 'W', 0),
('2015-03-04 08:30:00', 1353, 'W', 0),
('2015-03-04 09:00:00', 3000, 'W', 0),
('2015-03-04 09:30:00', 1489, 'W', 0),
('2015-03-04 10:00:00', 1939, 'W', 0),
('2015-03-04 10:30:00', 1370, 'W', 0),
('2015-03-04 11:00:00', 1113, 'W', 0),
('2015-03-04 11:30:00', 682, 'W', 0),
('2015-03-04 12:00:00', 811, 'W', 0),
('2015-03-04 12:30:00', 282, 'W', 0),
('2015-03-04 13:00:00', 228, 'W', 0),
('2015-03-04 13:30:00', 262, 'W', 0),
('2015-03-04 14:00:00', 130, 'W', 0),
('2015-03-04 14:30:00', 38, 'W', 0),
('2015-03-04 15:00:00', 0, 'W', 0),
('2015-03-04 15:30:00', 0, 'W', 0),
('2015-03-04 16:00:00', 0, 'W', 0),
('2015-03-04 16:30:00', 0, 'W', 0),
('2015-03-04 17:00:00', 0, 'W', 0),
('2015-03-04 17:30:00', 0, 'W', 0),
('2015-03-04 18:00:00', 0, 'W', 0),
('2015-03-04 18:30:00', 0, 'W', 0),
('2015-03-04 19:00:00', 0, 'W', 0),
('2015-03-04 19:30:00', 0, 'W', 0),
('2015-03-04 20:00:00', 0, 'W', 0),
('2015-03-04 20:30:00', 0, 'W', 0),
('2015-03-04 21:00:00', 0, 'W', 0),
('2015-03-04 21:30:00', 0, 'W', 0),
('2015-03-04 22:00:00', 0, 'W', 0),
('2015-03-04 22:30:00', 0, 'W', 0);

-- --------------------------------------------------------

--
-- Tabellenstruktur für Tabelle `dailyforecastgeneration4`
--

CREATE TABLE IF NOT EXISTS `dailyforecastgeneration4` (
  `timestamp` timestamp NULL DEFAULT NULL,
  `value` double NOT NULL,
  `unit` varchar(256) NOT NULL,
  `maxAbsError` double NOT NULL
) ENGINE=InnoDB DEFAULT CHARSET=latin1;

--
-- Daten für Tabelle `dailyforecastgeneration4`
--

INSERT INTO `dailyforecastgeneration4` (`timestamp`, `value`, `unit`, `maxAbsError`) VALUES
('2015-03-03 23:00:00', 10440.539999999999, 'W', 0),
('2015-03-03 23:30:00', 7743.0599999999995, 'W', 0),
('2015-03-04 00:00:00', 8325.03, 'W', 0),
('2015-03-04 00:30:00', 14754.329999999998, 'W', 0),
('2015-03-04 01:00:00', 13462.829999999998, 'W', 0),
('2015-03-04 01:30:00', 14559.420000000002, 'W', 0),
('2015-03-04 02:00:00', 11448.84, 'W', 0),
('2015-03-04 02:30:00', 22998.69, 'W', 0),
('2015-03-04 03:00:00', 13828.199999999999, 'W', 0),
('2015-03-04 03:30:00', 18323.1, 'W', 0),
('2015-03-04 04:00:00', 15112.380000000001, 'W', 0),
('2015-03-04 04:30:00', 22130.82, 'W', 0),
('2015-03-04 05:00:00', 32668.29, 'W', 0),
('2015-03-04 05:30:00', 31880.79, 'W', 0),
('2015-03-04 06:00:00', 34156.350000000006, 'W', 0),
('2015-03-04 06:30:00', 35250.63, 'W', 0),
('2015-03-04 07:00:00', 36153.87, 'W', 0),
('2015-03-04 07:30:00', 41630.100000000006, 'W', 0),
('2015-03-04 08:00:00', 32374.260000000002, 'W', 0),
('2015-03-04 08:30:00', 35972.100000000006, 'W', 0),
('2015-03-04 09:00:00', 33625.5, 'W', 0),
('2015-03-04 09:30:00', 30928.83, 'W', 0),
('2015-03-04 10:00:00', 28926.69, 'W', 0),
('2015-03-04 10:30:00', 37471.62, 'W', 0),
('2015-03-04 11:00:00', 28567.14, 'W', 0),
('2015-03-04 11:30:00', 40739.22, 'W', 0),
('2015-03-04 12:00:00', 41936.79, 'W', 0),
('2015-03-04 12:30:00', 33129.21, 'W', 0),
('2015-03-04 13:00:00', 35862.03, 'W', 0),
('2015-03-04 13:30:00', 26468.04, 'W', 0),
('2015-03-04 14:00:00', 21491.43, 'W', 0),
('2015-03-04 14:30:00', 19483.14, 'W', 0),
('2015-03-04 15:00:00', 16218.39, 'W', 0),
('2015-03-04 15:30:00', 10978.92, 'W', 0),
('2015-03-04 16:00:00', 14800.32, 'W', 0),
('2015-03-04 16:30:00', 18513.420000000002, 'W', 0),
('2015-03-04 17:00:00', 14241.329999999998, 'W', 0),
('2015-03-04 17:30:00', 15762.93, 'W', 0),
('2015-03-04 18:00:00', 15925.71, 'W', 0),
('2015-03-04 18:30:00', 14790.27, 'W', 0),
('2015-03-04 19:00:00', 13983.810000000001, 'W', 0),
('2015-03-04 19:30:00', 12746.46, 'W', 0),
('2015-03-04 20:00:00', 12747.599999999999, 'W', 0),
('2015-03-04 20:30:00', 12910.5, 'W', 0),
('2015-03-04 21:00:00', 13210.47, 'W', 0),
('2015-03-04 21:30:00', 14586.93, 'W', 0),
('2015-03-04 22:00:00', 14787.119999999999, 'W', 0),
('2015-03-04 22:30:00', 12699.78, 'W', 0);

-- --------------------------------------------------------

--
-- Tabellenstruktur für Tabelle `dailyforecastgeneration5`
--

CREATE TABLE IF NOT EXISTS `dailyforecastgeneration5` (
  `timestamp` timestamp NULL DEFAULT NULL,
  `value` double NOT NULL,
  `unit` varchar(256) NOT NULL,
  `maxAbsError` double NOT NULL
) ENGINE=InnoDB DEFAULT CHARSET=latin1;

--
-- Daten für Tabelle `dailyforecastgeneration5`
--

INSERT INTO `dailyforecastgeneration5` (`timestamp`, `value`, `unit`, `maxAbsError`) VALUES
('2015-03-03 23:00:00', 0, 'W', 0),
('2015-03-03 23:30:00', 0, 'W', 0),
('2015-03-04 00:00:00', 0, 'W', 0),
('2015-03-04 00:30:00', 0, 'W', 0),
('2015-03-04 01:00:00', 0, 'W', 0),
('2015-03-04 01:30:00', 0, 'W', 0),
('2015-03-04 02:00:00', 0, 'W', 0),
('2015-03-04 02:30:00', 0, 'W', 0),
('2015-03-04 03:00:00', 0, 'W', 0),
('2015-03-04 03:30:00', 0, 'W', 0),
('2015-03-04 04:00:00', 0, 'W', 0),
('2015-03-04 04:30:00', 0, 'W', 0),
('2015-03-04 05:00:00', 0, 'W', 0),
('2015-03-04 05:30:00', 0, 'W', 0),
('2015-03-04 06:00:00', 0, 'W', 0),
('2015-03-04 06:30:00', 0, 'W', 0),
('2015-03-04 07:00:00', 30.400000000000002, 'W', 0),
('2015-03-04 07:30:00', 104, 'W', 0),
('2015-03-04 08:00:00', 209.60000000000002, 'W', 0),
('2015-03-04 08:30:00', 182.4, 'W', 0),
('2015-03-04 09:00:00', 225.60000000000002, 'W', 0),
('2015-03-04 09:30:00', 648.8000000000001, 'W', 0),
('2015-03-04 10:00:00', 545.6, 'W', 0),
('2015-03-04 10:30:00', 890.4000000000001, 'W', 0),
('2015-03-04 11:00:00', 1096, 'W', 0),
('2015-03-04 11:30:00', 1551.2, 'W', 0),
('2015-03-04 12:00:00', 1191.2, 'W', 0),
('2015-03-04 12:30:00', 2400, 'W', 0),
('2015-03-04 13:00:00', 1082.4, 'W', 0),
('2015-03-04 13:30:00', 2988, 'W', 0),
('2015-03-04 14:00:00', 1472.8000000000002, 'W', 0),
('2015-03-04 14:30:00', 2627.2000000000003, 'W', 0),
('2015-03-04 15:00:00', 1535.2, 'W', 0),
('2015-03-04 15:30:00', 1145.6000000000001, 'W', 0),
('2015-03-04 16:00:00', 912, 'W', 0),
('2015-03-04 16:30:00', 670.4000000000001, 'W', 0),
('2015-03-04 17:00:00', 462.40000000000003, 'W', 0),
('2015-03-04 17:30:00', 339.20000000000005, 'W', 0),
('2015-03-04 18:00:00', 138.4, 'W', 0),
('2015-03-04 18:30:00', 0, 'W', 0),
('2015-03-04 19:00:00', 0, 'W', 0),
('2015-03-04 19:30:00', 0, 'W', 0),
('2015-03-04 20:00:00', 0, 'W', 0),
('2015-03-04 20:30:00', 0, 'W', 0),
('2015-03-04 21:00:00', 0, 'W', 0),
('2015-03-04 21:30:00', 0, 'W', 0),
('2015-03-04 22:00:00', 0, 'W', 0),
('2015-03-04 22:30:00', 0, 'W', 0);

-- --------------------------------------------------------

--
-- Tabellenstruktur für Tabelle `energyallocation`
--

CREATE TABLE IF NOT EXISTS `energyallocation` (
  `timestamp` datetime DEFAULT NULL,
  `IDfrom` int(250) DEFAULT NULL,
  `IDto` int(250) DEFAULT NULL,
  `amount` double(30,6) DEFAULT NULL
) ENGINE=InnoDB DEFAULT CHARSET=latin1;

--
-- Daten für Tabelle `energyallocation`
--

INSERT INTO `energyallocation` (`timestamp`, `IDfrom`, `IDto`, `amount`) VALUES
('2015-03-04 00:00:00', 4, 5, 6349.890000),
('2015-03-04 00:30:00', 4, 5, 7393.560000),
('2015-03-04 01:00:00', 4, 5, 7293.465000),
('2015-03-04 01:30:00', 4, 5, 6605.235000),
('2015-03-04 02:00:00', 4, 5, 6455.250000),
('2015-03-04 02:30:00', 4, 5, 6373.800000),
('2015-03-04 03:00:00', 4, 5, 6373.230000),
('2015-03-04 03:30:00', 4, 5, 6991.905000),
('2015-03-04 04:00:00', 4, 5, 7395.135000),
('2015-03-04 04:30:00', 4, 5, 7962.855000),
('2015-03-04 05:00:00', 4, 5, 7881.465000),
('2015-03-04 05:30:00', 4, 5, 7120.665000),
('2015-03-04 06:00:00', 4, 5, 9256.710000),
('2015-03-04 06:30:00', 4, 5, 7400.160000),
('2015-03-04 07:00:00', 4, 5, 5489.460000),
('2015-03-04 07:30:00', 4, 5, 8109.195000),
('2015-03-04 08:00:00', 4, 5, 3313.870000),
('2015-03-04 08:30:00', 4, 5, 10641.715000),
('2015-03-04 09:30:00', 4, 5, 17748.615000),
('2015-03-04 10:00:00', 4, 5, 3625.500000),
('2015-03-04 10:30:00', 4, 5, 16038.830000),
('2015-03-04 11:00:00', 4, 5, 9536.690000),
('2015-03-04 11:30:00', 4, 5, 13393.170000),
('2015-03-04 12:00:00', 4, 5, 17437.140000),
('2015-03-04 12:30:00', 4, 5, 12912.145000),
('2015-03-04 13:00:00', 4, 5, 14273.215000),
('2015-03-04 13:30:00', 4, 5, 14412.750000),
('2015-03-04 14:00:00', 4, 5, 16903.650000),
('2015-03-04 14:30:00', 4, 5, 13199.130000),
('2015-03-04 15:00:00', 4, 5, 19342.250000),
('2015-03-04 15:30:00', 4, 5, 15449.735000),
('2015-03-04 16:00:00', 4, 5, 16090.115000),
('2015-03-04 16:30:00', 4, 5, 10978.920000),
('2015-03-04 17:00:00', 4, 5, 14800.320000),
('2015-03-04 17:30:00', 4, 5, 15663.745000),
('2015-03-04 18:00:00', 4, 5, 10603.010000),
('2015-03-04 18:30:00', 4, 5, 7216.990000),
('2015-03-04 19:00:00', 4, 5, 9023.150000),
('2015-03-04 19:30:00', 4, 5, 6914.100000),
('2015-03-04 20:00:00', 4, 5, 11499.345000),
('2015-03-04 20:30:00', 4, 5, 5724.420000),
('2015-03-04 21:00:00', 4, 5, 7279.710000),
('2015-03-04 21:30:00', 4, 5, 6731.415000),
('2015-03-04 22:00:00', 4, 5, 7377.165000),
('2015-03-04 22:30:00', 4, 5, 4162.515000),
('2015-03-04 23:00:00', 4, 5, 3871.530000),
('2015-03-04 23:30:00', 4, 5, 5220.270000),
('2015-03-04 08:00:00', 2, 5, 269.438000),
('2015-03-04 12:00:00', 1, 5, 202.670000),
('2015-03-04 16:30:00', 1, 5, 2934.550000),
('2015-03-04 17:00:00', 1, 5, 228.075000),
('2015-03-04 08:30:00', 4, 2, 583.619000),
('2015-03-04 09:30:00', 4, 2, 1084.599000),
('2015-03-04 11:30:00', 4, 2, 10177.762000),
('2015-03-04 12:30:00', 4, 2, 18425.777000),
('2015-03-04 13:00:00', 4, 2, 13859.039000),
('2015-03-04 13:30:00', 4, 2, 28879.150000),
('2015-03-04 14:00:00', 4, 2, 12330.930000),
('2015-03-04 14:30:00', 4, 2, 23848.040000),
('2015-03-04 15:00:00', 4, 2, 17022.330000),
('2015-03-04 15:30:00', 4, 2, 19103.140000),
('2015-03-04 16:00:00', 4, 2, 16218.390000),
('2015-03-04 17:30:00', 4, 2, 7291.057000),
('2015-03-04 18:00:00', 4, 2, 5042.306000),
('2015-03-04 18:30:00', 4, 2, 3736.254000),
('2015-03-04 19:00:00', 4, 2, 1119.230000),
('2015-03-04 12:00:00', 1, 2, 1209.460000),
('2015-03-04 14:30:00', 1, 2, 12422.818000),
('2015-03-04 15:30:00', 1, 2, 12531.731000),
('2015-03-04 16:00:00', 1, 2, 1796.589000),
('2015-03-04 17:00:00', 1, 2, 773.070000),
('2015-03-04 00:00:00', 4, 1, 4233.260000),
('2015-03-04 00:30:00', 4, 1, 4929.040000),
('2015-03-04 01:00:00', 4, 1, 4862.310000),
('2015-03-04 01:30:00', 4, 1, 4403.490000),
('2015-03-04 02:00:00', 4, 1, 4303.500000),
('2015-03-04 02:30:00', 4, 1, 4249.200000),
('2015-03-04 03:00:00', 4, 1, 4248.820000),
('2015-03-04 03:30:00', 4, 1, 4661.270000),
('2015-03-04 04:00:00', 4, 1, 4930.090000),
('2015-03-04 04:30:00', 4, 1, 5308.570000),
('2015-03-04 05:00:00', 4, 1, 5254.310000),
('2015-03-04 05:30:00', 4, 1, 4747.110000),
('2015-03-04 06:00:00', 4, 1, 6171.140000),
('2015-03-04 06:30:00', 4, 1, 4933.440000),
('2015-03-04 07:00:00', 4, 1, 3659.640000),
('2015-03-04 07:30:00', 4, 1, 5406.130000),
('2015-03-04 08:30:00', 4, 1, 5863.810000),
('2015-03-04 09:30:00', 4, 1, 9674.010000),
('2015-03-04 17:30:00', 4, 1, 2509.430000),
('2015-03-04 18:00:00', 4, 1, 1596.940000),
('2015-03-04 18:30:00', 4, 1, 797.460000),
('2015-03-04 19:00:00', 4, 1, 4377.700000),
('2015-03-04 19:30:00', 4, 1, 4609.400000),
('2015-03-04 20:00:00', 4, 1, 7666.230000),
('2015-03-04 20:30:00', 4, 1, 3816.280000),
('2015-03-04 21:00:00', 4, 1, 4853.140000),
('2015-03-04 21:30:00', 4, 1, 4487.610000),
('2015-03-04 22:00:00', 4, 1, 4918.110000),
('2015-03-04 22:30:00', 4, 1, 2775.010000),
('2015-03-04 23:00:00', 4, 1, 2581.020000),
('2015-03-04 23:30:00', 4, 1, 3480.180000),
('2015-03-04 00:00:00', 4, 3, 3480.180000),
('2015-03-04 00:30:00', 4, 3, 2581.020000),
('2015-03-04 01:00:00', 4, 3, 2775.010000),
('2015-03-04 01:30:00', 4, 3, 4918.110000),
('2015-03-04 02:00:00', 4, 3, 4487.610000),
('2015-03-04 02:30:00', 4, 3, 4853.140000),
('2015-03-04 03:00:00', 4, 3, 3816.280000),
('2015-03-04 03:30:00', 4, 3, 7666.230000),
('2015-03-04 04:00:00', 4, 3, 4609.400000),
('2015-03-04 04:30:00', 4, 3, 5934.700000),
('2015-03-04 05:00:00', 4, 3, 4613.460000),
('2015-03-04 05:30:00', 4, 3, 6798.940000),
('2015-03-04 06:00:00', 4, 3, 10051.430000),
('2015-03-04 06:30:00', 4, 3, 9486.930000),
('2015-03-04 07:00:00', 4, 3, 9953.450000),
('2015-03-04 07:30:00', 4, 3, 9831.210000),
('2015-03-04 08:30:00', 4, 3, 12035.700000),
('2015-03-04 09:30:00', 4, 3, 10637.700000),
('2015-03-04 11:30:00', 4, 3, 11120.540000),
('2015-03-04 12:30:00', 4, 3, 12897.740000),
('2015-03-04 13:00:00', 4, 3, 13167.930000),
('2015-03-04 13:30:00', 4, 3, 10761.070000),
('2015-03-04 14:00:00', 4, 3, 11726.010000),
('2015-03-04 15:00:00', 4, 3, 7033.810000),
('2015-03-04 17:30:00', 4, 3, 6171.140000),
('2015-03-04 18:00:00', 4, 3, 4747.110000),
('2015-03-04 18:30:00', 4, 3, 5254.310000),
('2015-03-04 19:00:00', 4, 3, 5308.570000),
('2015-03-04 19:30:00', 4, 3, 4930.090000),
('2015-03-04 20:00:00', 4, 3, 4661.270000),
('2015-03-04 20:30:00', 4, 3, 4248.820000),
('2015-03-04 21:00:00', 4, 3, 4249.200000),
('2015-03-04 21:30:00', 4, 3, 4303.500000),
('2015-03-04 22:00:00', 4, 3, 4403.490000),
('2015-03-04 22:30:00', 4, 3, 4862.310000),
('2015-03-04 23:00:00', 4, 3, 4929.040000),
('2015-03-04 23:30:00', 4, 3, 4233.260000),
('2015-03-04 14:30:00', 1, 3, 8560.680000),
('2015-03-04 15:30:00', 1, 3, 6456.380000),
('2015-03-04 16:00:00', 1, 3, 5406.130000);

-- --------------------------------------------------------

--
-- Tabellenstruktur für Tabelle `prosumer1energyreceivings`
--

CREATE TABLE IF NOT EXISTS `prosumer1energyreceivings` (
  `timestamp` datetime NOT NULL,
  `IDfrom` int(255) NOT NULL,
  `energy` double(30,6) NOT NULL
) ENGINE=InnoDB DEFAULT CHARSET=latin1;

--
-- Daten für Tabelle `prosumer1energyreceivings`
--

INSERT INTO `prosumer1energyreceivings` (`timestamp`, `IDfrom`, `energy`) VALUES
('2015-03-04 00:00:00', 4, 4233.260000),
('2015-03-04 00:30:00', 4, 4929.040000),
('2015-03-04 01:00:00', 4, 4862.310000),
('2015-03-04 01:30:00', 4, 4403.490000),
('2015-03-04 02:00:00', 4, 4303.500000),
('2015-03-04 02:30:00', 4, 4249.200000),
('2015-03-04 03:00:00', 4, 4248.820000),
('2015-03-04 03:30:00', 4, 4661.270000),
('2015-03-04 04:00:00', 4, 4930.090000),
('2015-03-04 04:30:00', 4, 5308.570000),
('2015-03-04 05:00:00', 4, 5254.310000),
('2015-03-04 05:30:00', 4, 4747.110000),
('2015-03-04 06:00:00', 4, 6171.140000),
('2015-03-04 06:30:00', 4, 4933.440000),
('2015-03-04 07:00:00', 4, 3659.640000),
('2015-03-04 07:30:00', 4, 5406.130000),
('2015-03-04 08:30:00', 4, 5863.810000),
('2015-03-04 09:30:00', 4, 9674.010000),
('2015-03-04 17:30:00', 4, 2509.430000),
('2015-03-04 18:00:00', 4, 1596.940000),
('2015-03-04 18:30:00', 4, 797.460000),
('2015-03-04 19:00:00', 4, 4377.700000),
('2015-03-04 19:30:00', 4, 4609.400000),
('2015-03-04 20:00:00', 4, 7666.230000),
('2015-03-04 20:30:00', 4, 3816.280000),
('2015-03-04 21:00:00', 4, 4853.140000),
('2015-03-04 21:30:00', 4, 4487.610000),
('2015-03-04 22:00:00', 4, 4918.110000),
('2015-03-04 22:30:00', 4, 2775.010000),
('2015-03-04 23:00:00', 4, 2581.020000),
('2015-03-04 23:30:00', 4, 3480.180000);

-- --------------------------------------------------------

--
-- Tabellenstruktur für Tabelle `prosumer1energytransfers`
--

CREATE TABLE IF NOT EXISTS `prosumer1energytransfers` (
  `timestamp` datetime NOT NULL,
  `IDto` int(255) NOT NULL,
  `energy` double(30,6) NOT NULL
) ENGINE=InnoDB DEFAULT CHARSET=latin1;

-- --------------------------------------------------------

--
-- Tabellenstruktur für Tabelle `prosumer2energyreceivings`
--

CREATE TABLE IF NOT EXISTS `prosumer2energyreceivings` (
  `timestamp` datetime NOT NULL,
  `IDfrom` int(255) NOT NULL,
  `energy` double(30,6) NOT NULL
) ENGINE=InnoDB DEFAULT CHARSET=latin1;

--
-- Daten für Tabelle `prosumer2energyreceivings`
--

INSERT INTO `prosumer2energyreceivings` (`timestamp`, `IDfrom`, `energy`) VALUES
('2015-03-04 08:30:00', 4, 583.619000),
('2015-03-04 09:30:00', 4, 1084.599000),
('2015-03-04 11:30:00', 4, 10177.762000),
('2015-03-04 12:30:00', 4, 18425.777000),
('2015-03-04 13:00:00', 4, 13859.039000),
('2015-03-04 13:30:00', 4, 28879.150000),
('2015-03-04 14:00:00', 4, 12330.930000),
('2015-03-04 14:30:00', 4, 23848.040000),
('2015-03-04 15:00:00', 4, 17022.330000),
('2015-03-04 15:30:00', 4, 19103.140000),
('2015-03-04 16:00:00', 4, 16218.390000),
('2015-03-04 17:30:00', 4, 7291.057000),
('2015-03-04 18:00:00', 4, 5042.306000),
('2015-03-04 18:30:00', 4, 3736.254000),
('2015-03-04 19:00:00', 4, 1119.230000),
('2015-03-04 12:00:00', 1, 1209.460000),
('2015-03-04 14:30:00', 1, 12422.818000),
('2015-03-04 15:30:00', 1, 12531.731000),
('2015-03-04 16:00:00', 1, 1796.589000),
('2015-03-04 17:00:00', 1, 773.070000);

-- --------------------------------------------------------

--
-- Tabellenstruktur für Tabelle `prosumer2energytransfers`
--

CREATE TABLE IF NOT EXISTS `prosumer2energytransfers` (
  `timestamp` datetime NOT NULL,
  `IDto` int(255) NOT NULL,
  `energy` double(30,6) NOT NULL
) ENGINE=InnoDB DEFAULT CHARSET=latin1;

-- --------------------------------------------------------

--
-- Tabellenstruktur für Tabelle `prosumer3energyreceivings`
--

CREATE TABLE IF NOT EXISTS `prosumer3energyreceivings` (
  `timestamp` datetime NOT NULL,
  `IDfrom` int(255) NOT NULL,
  `energy` double(30,6) NOT NULL
) ENGINE=InnoDB DEFAULT CHARSET=latin1;

--
-- Daten für Tabelle `prosumer3energyreceivings`
--

INSERT INTO `prosumer3energyreceivings` (`timestamp`, `IDfrom`, `energy`) VALUES
('2015-03-04 00:00:00', 4, 3480.180000),
('2015-03-04 00:30:00', 4, 2581.020000),
('2015-03-04 01:00:00', 4, 2775.010000),
('2015-03-04 01:30:00', 4, 4918.110000),
('2015-03-04 02:00:00', 4, 4487.610000),
('2015-03-04 02:30:00', 4, 4853.140000),
('2015-03-04 03:00:00', 4, 3816.280000),
('2015-03-04 03:30:00', 4, 7666.230000),
('2015-03-04 04:00:00', 4, 4609.400000),
('2015-03-04 04:30:00', 4, 5934.700000),
('2015-03-04 05:00:00', 4, 4613.460000),
('2015-03-04 05:30:00', 4, 6798.940000),
('2015-03-04 06:00:00', 4, 10051.430000),
('2015-03-04 06:30:00', 4, 9486.930000),
('2015-03-04 07:00:00', 4, 9953.450000),
('2015-03-04 07:30:00', 4, 9831.210000),
('2015-03-04 08:30:00', 4, 12035.700000),
('2015-03-04 09:30:00', 4, 10637.700000),
('2015-03-04 11:30:00', 4, 11120.540000),
('2015-03-04 12:30:00', 4, 12897.740000),
('2015-03-04 13:00:00', 4, 13167.930000),
('2015-03-04 13:30:00', 4, 10761.070000),
('2015-03-04 14:00:00', 4, 11726.010000),
('2015-03-04 15:00:00', 4, 7033.810000),
('2015-03-04 17:30:00', 4, 6171.140000),
('2015-03-04 18:00:00', 4, 4747.110000),
('2015-03-04 18:30:00', 4, 5254.310000),
('2015-03-04 19:00:00', 4, 5308.570000),
('2015-03-04 19:30:00', 4, 4930.090000),
('2015-03-04 20:00:00', 4, 4661.270000),
('2015-03-04 20:30:00', 4, 4248.820000),
('2015-03-04 21:00:00', 4, 4249.200000),
('2015-03-04 21:30:00', 4, 4303.500000),
('2015-03-04 22:00:00', 4, 4403.490000),
('2015-03-04 22:30:00', 4, 4862.310000),
('2015-03-04 23:00:00', 4, 4929.040000),
('2015-03-04 23:30:00', 4, 4233.260000),
('2015-03-04 14:30:00', 1, 8560.680000),
('2015-03-04 15:30:00', 1, 6456.380000),
('2015-03-04 16:00:00', 1, 5406.130000);

-- --------------------------------------------------------

--
-- Tabellenstruktur für Tabelle `prosumer3energytransfers`
--

CREATE TABLE IF NOT EXISTS `prosumer3energytransfers` (
  `timestamp` datetime NOT NULL,
  `IDto` int(255) NOT NULL,
  `energy` double(30,6) NOT NULL
) ENGINE=InnoDB DEFAULT CHARSET=latin1;

-- --------------------------------------------------------

--
-- Tabellenstruktur für Tabelle `prosumer4energyreceivings`
--

CREATE TABLE IF NOT EXISTS `prosumer4energyreceivings` (
  `timestamp` datetime NOT NULL,
  `IDfrom` int(255) NOT NULL,
  `energy` double(30,6) NOT NULL
) ENGINE=InnoDB DEFAULT CHARSET=latin1;

-- --------------------------------------------------------

--
-- Tabellenstruktur für Tabelle `prosumer4energytransfers`
--

CREATE TABLE IF NOT EXISTS `prosumer4energytransfers` (
  `timestamp` datetime NOT NULL,
  `IDto` int(255) NOT NULL,
  `energy` double(30,6) NOT NULL
) ENGINE=InnoDB DEFAULT CHARSET=latin1;

-- --------------------------------------------------------

--
-- Tabellenstruktur für Tabelle `prosumer5energyreceivings`
--

CREATE TABLE IF NOT EXISTS `prosumer5energyreceivings` (
  `timestamp` datetime NOT NULL,
  `IDfrom` int(255) NOT NULL,
  `energy` double(30,6) NOT NULL
) ENGINE=InnoDB DEFAULT CHARSET=latin1;

--
-- Daten für Tabelle `prosumer5energyreceivings`
--

INSERT INTO `prosumer5energyreceivings` (`timestamp`, `IDfrom`, `energy`) VALUES
('2015-03-04 00:00:00', 4, 6349.890000),
('2015-03-04 00:30:00', 4, 7393.560000),
('2015-03-04 01:00:00', 4, 7293.465000),
('2015-03-04 01:30:00', 4, 6605.235000),
('2015-03-04 02:00:00', 4, 6455.250000),
('2015-03-04 02:30:00', 4, 6373.800000),
('2015-03-04 03:00:00', 4, 6373.230000),
('2015-03-04 03:30:00', 4, 6991.905000),
('2015-03-04 04:00:00', 4, 7395.135000),
('2015-03-04 04:30:00', 4, 7962.855000),
('2015-03-04 05:00:00', 4, 7881.465000),
('2015-03-04 05:30:00', 4, 7120.665000),
('2015-03-04 06:00:00', 4, 9256.710000),
('2015-03-04 06:30:00', 4, 7400.160000),
('2015-03-04 07:00:00', 4, 5489.460000),
('2015-03-04 07:30:00', 4, 8109.195000),
('2015-03-04 08:00:00', 4, 3313.870000),
('2015-03-04 08:30:00', 4, 10641.715000),
('2015-03-04 09:30:00', 4, 17748.615000),
('2015-03-04 10:00:00', 4, 3625.500000),
('2015-03-04 10:30:00', 4, 16038.830000),
('2015-03-04 11:00:00', 4, 9536.690000),
('2015-03-04 11:30:00', 4, 13393.170000),
('2015-03-04 12:00:00', 4, 17437.140000),
('2015-03-04 12:30:00', 4, 12912.145000),
('2015-03-04 13:00:00', 4, 14273.215000),
('2015-03-04 13:30:00', 4, 14412.750000),
('2015-03-04 14:00:00', 4, 16903.650000),
('2015-03-04 14:30:00', 4, 13199.130000),
('2015-03-04 15:00:00', 4, 19342.250000),
('2015-03-04 15:30:00', 4, 15449.735000),
('2015-03-04 16:00:00', 4, 16090.115000),
('2015-03-04 16:30:00', 4, 10978.920000),
('2015-03-04 17:00:00', 4, 14800.320000),
('2015-03-04 17:30:00', 4, 15663.745000),
('2015-03-04 18:00:00', 4, 10603.010000),
('2015-03-04 18:30:00', 4, 7216.990000),
('2015-03-04 19:00:00', 4, 9023.150000),
('2015-03-04 19:30:00', 4, 6914.100000),
('2015-03-04 20:00:00', 4, 11499.345000),
('2015-03-04 20:30:00', 4, 5724.420000),
('2015-03-04 21:00:00', 4, 7279.710000),
('2015-03-04 21:30:00', 4, 6731.415000),
('2015-03-04 22:00:00', 4, 7377.165000),
('2015-03-04 22:30:00', 4, 4162.515000),
('2015-03-04 23:00:00', 4, 3871.530000),
('2015-03-04 23:30:00', 4, 5220.270000),
('2015-03-04 08:00:00', 2, 269.438000),
('2015-03-04 12:00:00', 1, 202.670000),
('2015-03-04 16:30:00', 1, 2934.550000),
('2015-03-04 17:00:00', 1, 228.075000);

-- --------------------------------------------------------

--
-- Tabellenstruktur für Tabelle `prosumer5energytransfers`
--

CREATE TABLE IF NOT EXISTS `prosumer5energytransfers` (
  `timestamp` datetime NOT NULL,
  `IDto` int(255) NOT NULL,
  `energy` double(30,6) NOT NULL
) ENGINE=InnoDB DEFAULT CHARSET=latin1;

--
-- Indexes for dumped tables
--

--
-- Indexes for table `dailyforecastconsumption1`
--
ALTER TABLE `dailyforecastconsumption1`
 ADD KEY `timestamp` (`timestamp`);

--
-- Indexes for table `dailyforecastconsumption2`
--
ALTER TABLE `dailyforecastconsumption2`
 ADD KEY `timestamp` (`timestamp`);

--
-- Indexes for table `dailyforecastconsumption3`
--
ALTER TABLE `dailyforecastconsumption3`
 ADD KEY `timestamp` (`timestamp`);

--
-- Indexes for table `dailyforecastconsumption4`
--
ALTER TABLE `dailyforecastconsumption4`
 ADD KEY `timestamp` (`timestamp`);

--
-- Indexes for table `dailyforecastconsumption5`
--
ALTER TABLE `dailyforecastconsumption5`
 ADD KEY `timestamp` (`timestamp`);

--
-- Indexes for table `dailyforecastgeneration1`
--
ALTER TABLE `dailyforecastgeneration1`
 ADD KEY `timestamp` (`timestamp`);

--
-- Indexes for table `dailyforecastgeneration2`
--
ALTER TABLE `dailyforecastgeneration2`
 ADD KEY `timestamp` (`timestamp`);

--
-- Indexes for table `dailyforecastgeneration3`
--
ALTER TABLE `dailyforecastgeneration3`
 ADD KEY `timestamp` (`timestamp`);

--
-- Indexes for table `dailyforecastgeneration4`
--
ALTER TABLE `dailyforecastgeneration4`
 ADD KEY `timestamp` (`timestamp`);

--
-- Indexes for table `dailyforecastgeneration5`
--
ALTER TABLE `dailyforecastgeneration5`
 ADD KEY `timestamp` (`timestamp`);

/*!40101 SET CHARACTER_SET_CLIENT=@OLD_CHARACTER_SET_CLIENT */;
/*!40101 SET CHARACTER_SET_RESULTS=@OLD_CHARACTER_SET_RESULTS */;
/*!40101 SET COLLATION_CONNECTION=@OLD_COLLATION_CONNECTION */;
